Product Name:,Prices,Description,Review
"OnePlus Nord CE3 5G (Aqua Surge, 128 GB)","25,698",8 GB RAM | 128 GB ROM17.02 cm (6.7 inch) Display50MP Rear Camera5000 mAh BatteryDomestic 1 Year of Device & 6 Months for In-Box Accessories,4.4
"REDMI Note 12 Pro+ 5G (Arctic White, 256 GB)","27,999",8 GB RAM | 256 GB ROM16.94 cm (6.67 inch) Full HD+ AMOLED Display200MP + 8MP + 2MP | 16MP Front Camera4980 mAh Lithium Polymer BatteryMediatek Dimensity 1080 Processor1 Year Manufacturer Warranty for Phone and 6 Months Warranty for In the Box Accessories,4.2
"POCO X5 5G (Supernova Green, 256 GB)","14,999",8 GB RAM | 256 GB ROM | Expandable Upto 1 TB16.94 cm (6.67 inch) Full HD+ Display48MP + 8MP + 2MP | 13MP Front Camera5000 mAh BatteryQualcomm Snapdragon 695 Processor1 Year Manufacturer Warranty for Phone and 6 Months Warranty for In the Box Accessories,4.2
"SAMSUNG Galaxy F14 5G (OMG Black, 128 GB)","12,490","6 GB RAM | 128 GB ROM | Expandable Upto 1 TB16.76 cm (6.6 inch) Full HD+ Display50MP + 2MP | 13MP Front Camera6000 mAh BatteryExynos 1330, Octa Core Processor1 Year Manufacturer Warranty for Device and 6 Months Manufacturer Warranty for In-Box Accessories",4.2
"POCO F5 5G (Carbon Black, 256 GB)","26,999",12 GB RAM | 256 GB ROM16.94 cm (6.67 inch) Full HD+ Display64MP (OIS) + 8MP + 2MP | 16MP Front Camera5000 mAh BatteryQualcomm Snapdragon 7+ Gen 2 (4nm) Processor2 Year Manufacturer Warranty for Phone and 6 Months Warranty for In the Box Accessories,4.3
"REDMI Note 12 Pro 5G (Onyx Black, 256 GB)","25,999",12 GB RAM | 256 GB ROM16.94 cm (6.67 inch) Full HD+ AMOLED Display50MP (OIS) + 8MP + 2MP | 16MP Front Camera5000 mAh Lithium Polymer BatteryMediatek Dimensity 1080 Processor1 Year Manufacturer Warranty for Phone and 6 Months Warranty for In the Box Accessories,4.1
"SAMSUNG Galaxy F14 5G (GOAT Green, 128 GB)","11,490","4 GB RAM | 128 GB ROM | Expandable Upto 1 TB16.76 cm (6.6 inch) Full HD+ Display50MP + 2MP | 13MP Front Camera6000 mAh BatteryExynos 1330, Octa Core Processor1 Year Manufacturer Warranty for Device and 6 Months Manufacturer Warranty for In-Box Accessories",4.2
"SAMSUNG Galaxy F14 5G (GOAT Green, 128 GB)","12,490","6 GB RAM | 128 GB ROM | Expandable Upto 1 TB16.76 cm (6.6 inch) Full HD+ Display50MP + 2MP | 13MP Front Camera6000 mAh BatteryExynos 1330, Octa Core Processor1 Year Manufacturer Warranty for Device and 6 Months Manufacturer Warranty for In-Box Accessories",4.2
"REDMI Note 12 Pro 5G (Glacier Blue, 256 GB)","25,999",12 GB RAM | 256 GB ROM16.94 cm (6.67 inch) Full HD+ AMOLED Display50MP (OIS) + 8MP + 2MP | 16MP Front Camera5000 mAh Lithium Polymer BatteryMediatek Dimensity 1080 Processor1 Year Manufacturer Warranty for Phone and 6 Months Warranty for In the Box Accessories,4.1
"POCO F5 5G (Electric Blue, 256 GB)","26,999",12 GB RAM | 256 GB ROM16.94 cm (6.67 inch) Full HD+ Display64MP (OIS) + 8MP + 2MP | 16MP Front Camera5000 mAh BatteryQualcomm Snapdragon 7+ Gen 2 (4nm) Processor2 Year Manufacturer Warranty for Phone and 6 Months Warranty for In the Box Accessories,4.3
"SAMSUNG Galaxy A34 5G (Awesome Violet, 256 GB)","29,999","8 GB RAM | 256 GB ROM | Expandable Upto 1 TB16.76 cm (6.6 inch) Full HD+ Display48MP + 8MP + 5MP | 13MP Front Camera5000 mAh Li-ion Battery BatteryDimensity 1080, Octa Core Processor1 year manufacturer warranty for device and 6 months manufacturer warranty for in-box accessories",4.2
"SAMSUNG Galaxy A34 5G (Awesome Violet, 128 GB)","27,999","8 GB RAM | 128 GB ROM | Expandable Upto 1 TB16.76 cm (6.6 inch) Full HD+ Display48MP + 8MP + 5MP | 13MP Front Camera5000 mAh Li-ion Battery BatteryDimensity 1080, Octa Core Processor1 year manufacturer warranty for device and 6 months manufacturer warranty for in-box accessories",4.2
"POCO X5 5G (Wildcat Blue, 256 GB)","14,999",8 GB RAM | 256 GB ROM | Expandable Upto 1 TB16.94 cm (6.67 inch) Full HD+ Display48MP + 8MP + 2MP | 13MP Front Camera5000 mAh BatteryQualcomm Snapdragon 695 Processor1 Year Manufacturer Warranty for Phone and 6 Months Warranty for In the Box Accessories,4.2
"POCO X5 5G (Jaguar Black, 256 GB)","14,999",8 GB RAM | 256 GB ROM | Expandable Upto 1 TB16.94 cm (6.67 inch) Full HD+ Display48MP + 8MP + 2MP | 13MP Front Camera5000 mAh BatteryQualcomm Snapdragon 695 Processor1 Year Manufacturer Warranty for Phone and 6 Months Warranty for In the Box Accessories,4.2
"OnePlus 10R (Forest Green, 128 GB)","27,787",8 GB RAM | 128 GB ROM17.02 cm (6.7 inch) Display50MP Rear Camera | 16MP Front Camera5000 mAh Battery1 Year Manufacturer Warranty for Handset and 6 Months Warranty for In the Box Accessories,4.3
"SAMSUNG Galaxy A34 5G (Awesome Graphite, 128 GB)","27,999","8 GB RAM | 128 GB ROM | Expandable Upto 1 TB16.76 cm (6.6 inch) Full HD+ Display48MP + 8MP + 5MP | 13MP Front Camera5000 mAh Li-ion Battery BatteryDimensity 1080, Octa Core Processor1 year manufacturer warranty for device and 6 months manufacturer warranty for in-box accessories",4.2
"SAMSUNG Galaxy A34 5G (Awesome Graphite, 256 GB)","29,999","8 GB RAM | 256 GB ROM | Expandable Upto 1 TB16.76 cm (6.6 inch) Full HD+ Display48MP + 8MP + 5MP | 13MP Front Camera5000 mAh Li-ion Battery BatteryDimensity 1080, Octa Core Processor1 year manufacturer warranty for device and 6 months manufacturer warranty for in-box accessories",4.2
"vivo V27 5G (Magic Blue, 128 GB)","32,999",8 GB RAM | 128 GB ROM17.22 cm (6.78 Inch) Full HD+ AMOLED Display50MP (OIS) + 8MP + 2MP | 50MP Front Camera4600 mAh BatteryMediatek Dimensity 7200 5G Processor1 Year Brand Warranty,4.4
"SAMSUNG Galaxy A34 5G (Awesome Silver, 128 GB)","27,999","8 GB RAM | 128 GB ROM | Expandable Upto 1 TB16.76 cm (6.6 inch) Full HD+ Display48MP + 8MP + 5MP | 13MP Front Camera5000 mAh Li-ion Battery BatteryDimensity 1080, Octa Core Processor1 year manufacturer warranty for device and 6 months manufacturer warranty for in-box accessories",4.2
"OnePlus 10R (Sierra Black, 128 GB)","27,652",8 GB RAM | 128 GB ROM17.02 cm (6.7 inch) Display50MP Rear Camera | 16MP Front Camera5000 mAh Battery1 Year Manufacturer Warranty for Handset and 6 Months Warranty for In the Box Accessories,4.3
"realme 10 Pro+ 5G (Hyperspace, 128 GB)","25,999",8 GB RAM | 128 GB ROM17.02 cm (6.7 inch) Full HD+ Display108MP + 8MP + 2MP | 16MP Front Camera5000 mAh BatteryMediatek Dimensity 1080 5G Processor1 Year Manufacturer Warranty for Phone and 6 Months Warranty for In-Box Accessories,4.4
"SAMSUNG Galaxy A34 5G (Awesome Lime, 128 GB)","27,999","8 GB RAM | 128 GB ROM | Expandable Upto 1 TB16.76 cm (6.6 inch) Full HD+ Display48MP + 8MP + 5MP | 13MP Front Camera5000 mAh Li-ion Battery BatteryDimensity 1080, Octa Core Processor1 year manufacturer warranty for device and 6 months manufacturer warranty for in-box accessories",4.2
"realme Narzo 60 pro 5G (Cosmic Black, 256 GB)","24,999",12 GB RAM | 256 GB ROM17.02 cm (6.7 inch) Display100MP Rear Camera5000 mAh BatteryDomestic 1 Year of Device & 6 Months for In-Box Accessories,4.2
"realme Narzo 60 Pro 5G (Mars Orange, 256 GB)","24,999",12 GB RAM | 256 GB ROM17.02 cm (6.7 inch) Display100MP Rear Camera5000 mAh BatteryDomestic 1 Year of Device & 6 Months for In-Box Accessories,4.2
"IQOO Z5 5G (Arctic Dawn, 256 GB)","25,990",12 GB RAM | 256 GB ROM16.94 cm (6.67 inch) Display64MP + 64MP + 8MP + 2MP | 16MP + 16MP Dual Front Camera5000 mAh Battery1 Year,4.2
"IQOO Z5 5G (Cyber Grid, 256 GB)","25,990",12 GB RAM | 256 GB ROM16.94 cm (6.67 inch) Display64MP Rear Camera5000 mAh Battery12 months,4.2
"POCO X5 5G (Supernova Green, 256 GB)","14,999",8 GB RAM | 256 GB ROM | Expandable Upto 1 TB16.94 cm (6.67 inch) Full HD+ Display48MP + 8MP + 2MP | 13MP Front Camera5000 mAh BatteryQualcomm Snapdragon 695 Processor1 Year Manufacturer Warranty for Phone and 6 Months Warranty for In the Box Accessories,4.2
"SAMSUNG Galaxy F14 5G (OMG Black, 128 GB)","12,490","6 GB RAM | 128 GB ROM | Expandable Upto 1 TB16.76 cm (6.6 inch) Full HD+ Display50MP + 2MP | 13MP Front Camera6000 mAh BatteryExynos 1330, Octa Core Processor1 Year Manufacturer Warranty for Device and 6 Months Manufacturer Warranty for In-Box Accessories",4.2
"realme Narzo 60 Pro 5G (Mars Orange, 1 TB)","27,999",12 GB RAM | 1 TB ROM17.02 cm (6.7 inch) Display100MP Rear Camera5000 mAh BatteryDomestic 1 Year of Device & 6 Months for In-Box Accessories,4.2
"SAMSUNG Galaxy A23 (Black, 128 GB)","17,999",8 GB RAM | 128 GB ROM | Expandable Upto 1 TB16.76 cm (6.6 inch) Full HD+ Display50MP Rear Camera | 8MP Front Camera5000 mAh Li-Ion BatteryOcta-core(EXYNOS) Processor1 year manufacturer warranty for device and 6 months manufacturer warranty for in-box,4.3
"realme Narzo 60 Pro 5G (Cosmic Black, 1 TB)","27,999",12 GB RAM | 1 TB ROM17.02 cm (6.7 inch) Display100MP Rear Camera5000 mAh BatteryDomestic 1 Year of Device & 6 Months for In-Box Accessories,4.2
"SAMSUNG Galaxy S20 FE 5G (Cloud Mint, 128 GB)","27,679",8 GB RAM | 128 GB ROM16.51 cm (6.5 inch) Display12MP Rear Camera | 32MP Front Camera4500 mAh Battery1 Year Warranty,4.2
"SAMSUNG Galaxy F14 5G (GOAT Green, 128 GB)","11,490","4 GB RAM | 128 GB ROM | Expandable Upto 1 TB16.76 cm (6.6 inch) Full HD+ Display50MP + 2MP | 13MP Front Camera6000 mAh BatteryExynos 1330, Octa Core Processor1 Year Manufacturer Warranty for Device and 6 Months Manufacturer Warranty for In-Box Accessories",4.2
"SAMSUNG Galaxy F14 5G (GOAT Green, 128 GB)","12,490","6 GB RAM | 128 GB ROM | Expandable Upto 1 TB16.76 cm (6.6 inch) Full HD+ Display50MP + 2MP | 13MP Front Camera6000 mAh BatteryExynos 1330, Octa Core Processor1 Year Manufacturer Warranty for Device and 6 Months Manufacturer Warranty for In-Box Accessories",4.2
"OnePlus 10R (Forest Green, 128 GB)","28,595",8 GB RAM | 128 GB ROM17.02 cm (6.7 inch) Display50MP Rear Camera5000 mAh Battery1 Year Manufacturer Warranty for Handset and 6 Months Warranty for In the Box Accessories,4.3
"SAMSUNG Galaxy A72 (Awesome Black, 128 GB)","25,960",8 GB RAM | 128 GB ROM | Expandable Upto 1 TB17.02 cm (6.7 inch) Full HD+ Display64MP + 12MP + 8MP + 5MP | 32MP Front Camera5000 mAh Lithium-ion BatteryQualcomm Snapdragon 720G Processor1 Year Warranty Provided by the Manufacturer from Date of Purchase,4.3
"POCO X5 5G (Wildcat Blue, 256 GB)","14,999",8 GB RAM | 256 GB ROM | Expandable Upto 1 TB16.94 cm (6.67 inch) Full HD+ Display48MP + 8MP + 2MP | 13MP Front Camera5000 mAh BatteryQualcomm Snapdragon 695 Processor1 Year Manufacturer Warranty for Phone and 6 Months Warranty for In the Box Accessories,4.2
"POCO X5 5G (Jaguar Black, 256 GB)","14,999",8 GB RAM | 256 GB ROM | Expandable Upto 1 TB16.94 cm (6.67 inch) Full HD+ Display48MP + 8MP + 2MP | 13MP Front Camera5000 mAh BatteryQualcomm Snapdragon 695 Processor1 Year Manufacturer Warranty for Phone and 6 Months Warranty for In the Box Accessories,4.2
"vivo Y75 (Dancing waves, 128 GB)","18,890",8 GB RAM | 128 GB ROM | Expandable Upto 1 TB16.36 cm (6.44 inch) Full HD+ AMOLED Display50MP + 8MP + 2MP | 44MP Front Camera4050 mAh Lithium BatteryMediatek G96 Processor1 Year on Handset and 6 Months on Accessories,4.3
"Infinix Zero Ultra (Genesis Noir, 256 GB)","29,999",8 GB RAM | 256 GB ROM17.27 cm (6.8 inch) Full HD+ Display200MP + 13MP + 2MP | 32MP Front Camera4500 mAh Lithium-ion Polymer BatteryMediatek Dimensity 920 Processor1 Year on Handset and 6 Months on Accessories,4
"OPPO F21s Pro (Starlight Black, 128 GB)","19,490",8 GB RAM | 128 GB ROM16.33 cm (6.43 inch) Full HD+ Display64MP + 2MP + 2MP | 32MP Front Camera4500 mAh BatterySnapdragon 680 Processor1 Year Manufacturer Warranty for Phone and 6 Months Warranty for In the Box Accessories,4.2
"SAMSUNG Galaxy A72 (Awesome Violet, 128 GB)","25,999",8 GB RAM | 128 GB ROM | Expandable Upto 1 TB17.02 cm (6.7 inch) Full HD+ Display64MP + 12MP + 8MP + 5MP | 32MP Front Camera5000 mAh Lithium-ion BatteryQualcomm Snapdragon 720G Processor1 Year Warranty Provided by the Manufacturer from Date of Purchase,4.3
"vivo V25 Pro 5G (Sailing Blue, 128 GB)","27,270",8 GB RAM | 128 GB ROM16.66 cm (6.56 inch) Full HD+ Display64MP + 8MP + 2MP | 32MP Front Camera4830 mAh BatteryMediatek Dimensity 1300 Processor1 Year on Handset and 6 Months on Accessories,4.3
"REDMI K50i 5G (Stealth Black, 256 GB)","29,999",8 GB RAM | 256 GB ROM16.76 cm (6.6 inch) Full HD+ Display64MP + 8MP + 2MP | 16MP Front Camera5080 mAh BatteryDimensity 8100 Processor1 Year Manufacturer Warranty for Phone and 6 Months Warranty for In the Box Accessories,4.2
"SAMSUNG Galaxy A53 (Awesome Peach, 128 GB)","27,990",6 GB RAM | 128 GB ROM | Expandable Upto 1 TB16.51 cm (6.5 inch) Full HD+ Display64MP + 12MP + 5MP + 5MP | 32MP Front Camera5000 mAh Lithium Ion BatteryExynos Octa Core Processor Processor1 Year Manufacturer Warranty for Device and 6 Months Manufacturer Warranty for In-Box,4
"vivo V23 Pro 5G (Stardust Black, 128 GB)","28,999",8 GB RAM | 128 GB ROM | Expandable Upto 12 GB16.66 cm (6.56 inch) Full HD+ Display108MP + 8MP + 2MP | 50MP + 8MP Dual Front Camera4300 mAh Lithium BatteryMediatek Dimensity 1200 Processor1 Year Manufacturer Warranty for Phone and 6 Months Warranty for In the Box Accessories,4.3
"SAMSUNG Galaxy A53 (Awesome Black, 128 GB)","27,499",6 GB RAM | 128 GB ROM | Expandable Upto 1 TB16.51 cm (6.5 inch) Full HD+ Display64MP + 12MP + 5MP + 5MP | 32MP Front Camera5000 mAh Lithium Ion BatteryExynos Octa Core Processor Processor1 Year Manufacturer Warranty for Device and 6 Months Manufacturer Warranty for In-Box,4
"vivo V27 (MAGIC BULE, 128 GB)","28,900",8 GB RAM | 128 GB ROM17.22 cm (6.78 inch) Full HD+ AMOLED Display50MP + 8MP + 2MP | 50MP Front Camera4600 mAh BatteryMediatek Dimensity 7200 5G Processor1 Year Brand Warranty,4.2
"IQOO 7 5G (Solid Ice Blue, 128 GB)","27,999",8 GB RAM | 128 GB ROM16.81 cm (6.62 inch) Display48MP Rear Camera4400 mAh Battery12 months,4.5
"SAMSUNG Galaxy A23 (Blue, 128 GB)","19,999",8 GB RAM | 128 GB ROM | Expandable Upto 1 TB16.76 cm (6.6 inch) Full HD+ Display50MP Rear Camera | 8MP Front Camera5000 mAh Li-Ion BatteryOcta-core(EXYNOS) Processor1 year manufacturer warranty for device and 6 months manufacturer warranty for in-box,4.3
"OPPO Reno7 5G (Startrails Blue, 256 GB)","27,865",8 GB RAM | 256 GB ROM | Expandable Upto 1 TB16.33 cm (6.43 inch) Full HD Display64MP + 8MP + 2MP | 32MP Front Camera4500 mAh Lithium-ion Polymer BatteryMediatek Dimensity 900 Processor1 Year Warranty for Phone and 6 Months Warranty for In-Box Accessories,4.2
"LG G8X (Black, 128 GB)","29,999",6 GB RAM | 128 GB ROM | Expandable Upto 2 TB16.26 cm (6.4 inch) Full HD+ Display12MP + 13MP | 32MP Front Camera4000 mAh BatteryQualcomm Snapdragon��� 855 Octa-core (up to 2.84 GHz x 1 + 2.42 GHz x 3 + 1.79 GHz x 4) ProcessorCharging adapter is not included in the box1 year manufacturer warranty for device and 6 months manufacturer warranty for in-box accessories including batteries from the date of pu,4.4
"POCO X5 5G (Supernova Green, 256 GB)","14,999",8 GB RAM | 256 GB ROM | Expandable Upto 1 TB16.94 cm (6.67 inch) Full HD+ Display48MP + 8MP + 2MP | 13MP Front Camera5000 mAh BatteryQualcomm Snapdragon 695 Processor1 Year Manufacturer Warranty for Phone and 6 Months Warranty for In the Box Accessories,4.2
"SAMSUNG Galaxy F14 5G (OMG Black, 128 GB)","12,490","6 GB RAM | 128 GB ROM | Expandable Upto 1 TB16.76 cm (6.6 inch) Full HD+ Display50MP + 2MP | 13MP Front Camera6000 mAh BatteryExynos 1330, Octa Core Processor1 Year Manufacturer Warranty for Device and 6 Months Manufacturer Warranty for In-Box Accessories",4.2
"vivo V25 5G (Surfing Blue, 256 GB)","28,380",12 GB RAM | 256 GB ROM16.36 cm (6.44 inch) Full HD+ Display64MP + 8MP + 2MP | 50MP Front Camera4500 mAh Lithium BatteryDimensity 900 Processor1 Year of Device & 6 Months for In-Box Accessories,4.2
"Xiaomi 11i Hypercharge 5G (Pacific Pearl, 128 GB)","23,990",8 GB RAM | 128 GB ROM | Expandable Upto 1 TB16.94 cm (6.67 inch) Full HD+ AMOLED Display108MP + 8MP + 2MP | 16MP Front Camera4500 mAh Li-Polymer BatteryMediatek Dimensity 920 Processor1 Year Manufacturer Warranty for Phone and 6 Months Warranty for In the Box Accessories,4.2
"SAMSUNG Galaxy F14 5G (GOAT Green, 128 GB)","11,490","4 GB RAM | 128 GB ROM | Expandable Upto 1 TB16.76 cm (6.6 inch) Full HD+ Display50MP + 2MP | 13MP Front Camera6000 mAh BatteryExynos 1330, Octa Core Processor1 Year Manufacturer Warranty for Device and 6 Months Manufacturer Warranty for In-Box Accessories",4.2
"SAMSUNG Galaxy F14 5G (GOAT Green, 128 GB)","12,490","6 GB RAM | 128 GB ROM | Expandable Upto 1 TB16.76 cm (6.6 inch) Full HD+ Display50MP + 2MP | 13MP Front Camera6000 mAh BatteryExynos 1330, Octa Core Processor1 Year Manufacturer Warranty for Device and 6 Months Manufacturer Warranty for In-Box Accessories",4.2
"OPPO F19 Pro (Crystal Silver, 256 GB)","18,990",8 GB RAM | 256 GB ROM | Expandable Upto 256 GB16.33 cm (6.43 inch) Full HD+ Display48MP + 8MP + 2MP + 2MP | 16MP Front Camera4310 mAh BatteryMediaTek Helio P95 (MT6779V) ProcessorBrand Warranty of 1 Year Available for Mobile Including Battery and 6 Months for Accessories,4.3
"vivo V25 5G (Elegant Black, 128 GB)","24,680",8 GB RAM | 128 GB ROM16.36 cm (6.44 inch) Full HD+ Display64MP + 8MP + 2MP | 50MP Front Camera4500 mAh Lithium BatteryDimensity 900 Processor1 Year of Device & 6 Months for In-Box Accessories,4.3
"OPPO Reno8 5G (Shimmer Black, 128 GB)","29,999",8 GB RAM | 128 GB ROM16.33 cm (6.43 inch) Full HD Display50MP + 8MP + 2MP | 32MP Front Camera4500 mAh Lithium-ion Polymer BatteryMediatek Dimensity 1300 Processor1 Year Warranty for Phone and 6 Months Warranty for In-Box Accessories,4.3
"REDMI K50i 5G (Quick Silver, 256 GB)","29,999",8 GB RAM | 256 GB ROM16.76 cm (6.6 inch) Full HD+ Display64MP + 8MP + 2MP | 16MP Front Camera5080 mAh BatteryDimensity 8100 Processor1 Year Manufacturer Warranty for Phone and 6 Months Warranty for In the Box Accessories,4.2
"POCO X5 5G (Wildcat Blue, 256 GB)","14,999",8 GB RAM | 256 GB ROM | Expandable Upto 1 TB16.94 cm (6.67 inch) Full HD+ Display48MP + 8MP + 2MP | 13MP Front Camera5000 mAh BatteryQualcomm Snapdragon 695 Processor1 Year Manufacturer Warranty for Phone and 6 Months Warranty for In the Box Accessories,4.2
"POCO X5 5G (Jaguar Black, 256 GB)","14,999",8 GB RAM | 256 GB ROM | Expandable Upto 1 TB16.94 cm (6.67 inch) Full HD+ Display48MP + 8MP + 2MP | 13MP Front Camera5000 mAh BatteryQualcomm Snapdragon 695 Processor1 Year Manufacturer Warranty for Phone and 6 Months Warranty for In the Box Accessories,4.2
"Honor 90 5G (Emerald Green, 256 GB)","29,488",8 GB RAM | 256 GB ROM17.02 cm (6.7 inch) Display200MP Rear Camera5000 mAh Battery1 year manufacturer warranty for handset & 6 months for accessories,4.2
"vivo V27 (MAGIC BULE, 128 GB)","28,900",8 GB RAM | 128 GB ROM17.22 cm (6.78 inch) Full HD+ AMOLED Display50MP + 8MP + 2MP | 50MP Front Camera4600 mAh BatteryMediatek Dimensity 7200 5G Processor1 Year Brand Warranty,4.2
"IQOO 7 5G (Storm Black, 128 GB)","27,999",8 GB RAM | 128 GB ROM16.81 cm (6.62 inch) Display48MP Rear Camera4400 mAh Battery1 Year,4.5
"vivo V25 5G (Surfing Blue, 128 GB)","25,990",8 GB RAM | 128 GB ROM16.36 cm (6.44 inch) Full HD+ Display64MP + 8MP + 2MP | 50MP Front Camera4500 mAh Lithium BatteryDimensity 900 Processor1 Year of Device & 6 Months for In-Box Accessories,4.3
"vivo Y100A (Pacific Blue, 128 GB)","21,999",8 GB RAM | 128 GB ROM16.21 cm (6.38 inch) Full HD+ Display64MP + 2MP + 2MP | 16MP Front Camera4500 mAh BatterySnapdragon 695 Processor1 Year of Device & 6 Months for Inbox Accessories,4.2
"vivo V25 Pro 5G (sailing blue, 128 GB)","28,299",8 GB RAM | 128 GB ROM16.66 cm (6.56 inch) Full HD+ Display64MP + 8MP + 2MP | 32MP Front Camera4830 mAh BatteryMediatek Dimensity 1300 Processor1 Year on Handset and 6 Months on Accessories,4.3
"vivo V25 Pro 5G (Sailing Blue, 128 GB)","27,804",8 GB RAM | 128 GB ROM16.66 cm (6.56 inch) Full HD+ Display64MP + 8MP + 2MP | 32MP Front Camera4830 mAh Lithium BatteryMediatek Dimensity 1300 ProcessorColor Changing Fluorite AG Glass Design120 Hz 3D Curve Display1 Year on Handset and 6 Months on Accessories,4.3
"vivo Y100A (Twilight Gold, 256 GB)","23,999",8 GB RAM | 256 GB ROM16.21 cm (6.38 inch) Full HD+ Display64MP + 2MP + 2MP | 16MP Front Camera4500 mAh BatterySnapdragon 695 Processor1 Year of Device & 6 Months for Inbox Accessories,4.2
"POCO X5 5G (Supernova Green, 256 GB)","14,999",8 GB RAM | 256 GB ROM | Expandable Upto 1 TB16.94 cm (6.67 inch) Full HD+ Display48MP + 8MP + 2MP | 13MP Front Camera5000 mAh BatteryQualcomm Snapdragon 695 Processor1 Year Manufacturer Warranty for Phone and 6 Months Warranty for In the Box Accessories,4.2
"SAMSUNG Galaxy F14 5G (OMG Black, 128 GB)","12,490","6 GB RAM | 128 GB ROM | Expandable Upto 1 TB16.76 cm (6.6 inch) Full HD+ Display50MP + 2MP | 13MP Front Camera6000 mAh BatteryExynos 1330, Octa Core Processor1 Year Manufacturer Warranty for Device and 6 Months Manufacturer Warranty for In-Box Accessories",4.2
"vivo V25 Pro 5G (Pure Black, 128 GB)","27,992",8 GB RAM | 128 GB ROM16.66 cm (6.56 inch) Full HD+ Display64MP + 8MP + 2MP | 32MP Front Camera4830 mAh Lithium BatteryMediatek Dimensity 1300 ProcessorColor Changing Fluorite AG Glass Design120 Hz 3D Curve Display1 Year on Handset and 6 Months on Accessories,4.3
"SAMSUNG Galaxy S20 FE 5G (Cloud Navy, 128 GB)","27,999",8 GB RAM | 128 GB ROM16.51 cm (6.5 inch) Display12MP Rear Camera4500 mAh Battery1 Year Warranty,4.2
"SAMSUNG Galaxy F14 5G (GOAT Green, 128 GB)","11,490","4 GB RAM | 128 GB ROM | Expandable Upto 1 TB16.76 cm (6.6 inch) Full HD+ Display50MP + 2MP | 13MP Front Camera6000 mAh BatteryExynos 1330, Octa Core Processor1 Year Manufacturer Warranty for Device and 6 Months Manufacturer Warranty for In-Box Accessories",4.2
"SAMSUNG Galaxy F14 5G (GOAT Green, 128 GB)","12,490","6 GB RAM | 128 GB ROM | Expandable Upto 1 TB16.76 cm (6.6 inch) Full HD+ Display50MP + 2MP | 13MP Front Camera6000 mAh BatteryExynos 1330, Octa Core Processor1 Year Manufacturer Warranty for Device and 6 Months Manufacturer Warranty for In-Box Accessories",4.2
"SAMSUNG Galaxy A33 (Awesome Black, 128 GB)","27,777",8 GB RAM | 128 GB ROM | Expandable Upto 1 TB16.26 cm (6.4 inch) Full HD+ Display48MP + 8MP + 5MP + 2MP | 13MP Front Camera5000 mAh Li-ion BatteryExynos 1280 Processor1 Year Manufacturer Warranty for Device and 6 Months Manufacturer Warranty for In-Box,4.1
"Xiaomi 11i Hypercharge 5G (Pacific Pearl, 128 GB)","26,999",6 GB RAM | 128 GB ROM | Expandable Upto 1 TB16.94 cm (6.67 inch) Full HD+ AMOLED Display108MP + 8MP + 2MP | 16MP Front Camera4500 mAh Li-Polymer BatteryMediatek Dimensity 920 Processor1 Year Manufacturer Warranty for Phone and 6 Months Warranty for In the Box Accessories,4.2
"vivo V21 5G (Sunset Dazzle, 128 GB)","22,771",8 GB RAM | 128 GB ROM16.36 cm (6.44 inch) Full HD+ Display64MP + 8MP + 2MP | 44MP Front Camera4000 mAh Lithium-ion BatteryMediaTek Dimensity 800U ProcessorAMOLED Display1 Year for Handset and 6 Months for In-box Accessories,4.3
"vivo V21 5G (Dusk Blue, 128 GB)","21,763",8 GB RAM | 128 GB ROM16.36 cm (6.44 inch) Full HD+ Display64MP + 8MP + 2MP | 44MP Front Camera4000 mAh Lithium-ion BatteryMediaTek Dimensity 800U ProcessorAMOLED Display1 Year for Handset and 6 Months for In-box Accessories,4.3
"POCO X5 5G (Wildcat Blue, 256 GB)","14,999",8 GB RAM | 256 GB ROM | Expandable Upto 1 TB16.94 cm (6.67 inch) Full HD+ Display48MP + 8MP + 2MP | 13MP Front Camera5000 mAh BatteryQualcomm Snapdragon 695 Processor1 Year Manufacturer Warranty for Phone and 6 Months Warranty for In the Box Accessories,4.2
"POCO X5 5G (Jaguar Black, 256 GB)","14,999",8 GB RAM | 256 GB ROM | Expandable Upto 1 TB16.94 cm (6.67 inch) Full HD+ Display48MP + 8MP + 2MP | 13MP Front Camera5000 mAh BatteryQualcomm Snapdragon 695 Processor1 Year Manufacturer Warranty for Phone and 6 Months Warranty for In the Box Accessories,4.2
"Xiaomi 11T Pro 5G Hyperphone (Moonlight White, 128 GB)","29,999",8 GB RAM | 128 GB ROM16.94 cm (6.67 inch) Display108MP Rear Camera5000 mAh Battery12 months,4
"realme GT Neo 3T (Drifting White, 128 GB)","29,999",6 GB RAM | 128 GB ROM16.81 cm (6.62 inch) Full HD+ AMOLED Display64MP + 8MP + 2MP | 16MP Front Camera5000 mAh Lithium Ion BatteryQualcomm Snapdragon 870 Processor1 Year Manufacturer Warranty for Phone and 6 Months Warranty for In-Box Accessories,4.3
"realme GT Neo 3T (Shade Black, 128 GB)","29,999",6 GB RAM | 128 GB ROM16.81 cm (6.62 inch) Full HD+ AMOLED Display64MP + 8MP + 2MP | 16MP Front Camera5000 mAh Lithium Ion BatteryQualcomm Snapdragon 870 Processor1 Year Manufacturer Warranty for Phone and 6 Months Warranty for In-Box Accessories,4.3
"realme GT Neo 3T (Dash Yellow, 128 GB)","29,999",6 GB RAM | 128 GB ROM16.81 cm (6.62 inch) Full HD+ AMOLED Display64MP + 8MP + 2MP | 16MP Front Camera5000 mAh Lithium Ion BatteryQualcomm Snapdragon 870 Processor1 Year Manufacturer Warranty for Phone and 6 Months Warranty for In-Box Accessories,4.3
"REDMI K50i 5G (Stealth Black, 128 GB)","25,999",6 GB RAM | 128 GB ROM16.76 cm (6.6 inch) Full HD+ Display64MP + 8MP + 2MP | 16MP Front Camera5080 mAh BatteryDimensity 8100 Processor1 Year Manufacturer Warranty for Phone and 6 Months Warranty for In the Box Accessories,4.2
"Mi 11X Pro 5G (Celestial Silver, 128 GB)","27,999",8 GB RAM | 128 GB ROM16.94 cm (6.67 inch) Full HD+ Display108MP + 8MP + 5MP | 20MP Front Camera4520 mAh BatteryQualcomm Snapdragon 888 Processor1 Year Manufacturer Warranty for Device and 6 Months Manufacturer Warranty for In-box Accessories,4
"IQOO Z6 Pro 5G (Phantom Dusk, 128 GB)","21,999",6 GB RAM | 128 GB ROM16.36 cm (6.44 inch) Full HD+ Display64MP Rear Camera | 16MP Front Camera4700 mAh BatterySnapdragon�� 778G Processor1 Year Warr,4.3
"Mi 10T (Cosmic Black, 128 GB)","22,990",8 GB RAM | 128 GB ROM16.94 cm (6.67 inch) Display64MP Rear Camera5000 mAh BatteryDomestic 1 Year Manufacturer Warranty for Device and 6 Months Manufacturer Warranty for In-box Accessories,4.1
"vivo V23 5G (Sunshine Gold, 128 GB)","29,990",8 GB RAM | 128 GB ROM16.36 cm (6.44 inch) Full HD+ Display64MP + 8MP + 2MP | 50MP + 8MP Dual Front Camera4200 mAh Lithium BatteryMediatek Dimensity 920 Processor1 Year for Handset and 6 Months for Accessories,4.4
"realme GT 5G (Dashing Silver, 128 GB)","25,999",8 GB RAM | 128 GB ROM16.33 cm (6.43 inch) Full HD+ Display64MP + 8MP + 2MP | 16MP Front Camera4500 mAh BatteryQualcomm Snapdragon 888 Processor1 Year Warranty for Mobile and 6 Months for Accessories,4.3
"vivo V23 5G (Stardust Black, 128 GB)","28,979",8 GB RAM | 128 GB ROM16.36 cm (6.44 inch) Full HD+ Display64MP + 8MP + 2MP | 50MP + 8MP Dual Front Camera4200 mAh Lithium BatteryMediatek Dimensity 920 Processor1 Year for Handset and 6 Months for Accessories,4.4
"OPPO F21s Pro 5G (Starlight Black, 128 GB)","31,999",8 GB RAM | 128 GB ROM | Expandable Upto 1 TB16.33 cm (6.43 inch) Full HD+ E3 Super AMOLED Display64MP + 2MP + 2MP | 16MP + 2MP Dual Front Camera4500 mAh BatteryQualcomm SM6225 Snapdragon 680 4G (6 nm) Processor12 months,4.2
"POCO X5 5G (Supernova Green, 256 GB)","14,999",8 GB RAM | 256 GB ROM | Expandable Upto 1 TB16.94 cm (6.67 inch) Full HD+ Display48MP + 8MP + 2MP | 13MP Front Camera5000 mAh BatteryQualcomm Snapdragon 695 Processor1 Year Manufacturer Warranty for Phone and 6 Months Warranty for In the Box Accessories,4.2
"SAMSUNG Galaxy F14 5G (OMG Black, 128 GB)","12,490","6 GB RAM | 128 GB ROM | Expandable Upto 1 TB16.76 cm (6.6 inch) Full HD+ Display50MP + 2MP | 13MP Front Camera6000 mAh BatteryExynos 1330, Octa Core Processor1 Year Manufacturer Warranty for Device and 6 Months Manufacturer Warranty for In-Box Accessories",4.2
"Mi 11X (Cosmic Black, 128 GB)","22,489",6 GB RAM | 128 GB ROM16.94 cm (6.67 inch) Full HD+ Display48MP + 8MP + 5MP | 20MP Front Camera4520 mAh BatteryQualcomm Snapdragon 870 Processor1 Year Manufacturer Warranty for Device and 6 Months Manufacturer Warranty for In-box Accessories,4.2
"SAMSUNG Galaxy S20 FE (Cloud Lavender, 128 GB)","29,300",8 GB RAM | 128 GB ROM | Expandable Upto 1 TB16.51 cm (6.5 inch) Full HD+ Display12MP + 12MP + 8MP Rear Camera | 32MP Front Camera4500 mAh Lithium Ion BatteryExynos Octa Core ProcessorSuper AMOLED Display | 120 Hz RateIP68 Rating1 Year Warranty Provided by the Manufacturer from Date of Purchase,4
"IQOO Z6 Pro 5G (Legion Sky, 256 GB)","26,999",12 GB RAM | 256 GB ROM16.36 cm (6.44 inch) Display64MP Rear Camera | 16MP Front Camera4700 mAh Battery1 Year,4.3
"realme X7 Pro 5G (Mystic Black, 128 GB)","29,999",8 GB RAM | 128 GB ROM16.64 cm (6.55 inch) Full HD+ Display64MP + 8MP + 2MP + 2MP | 32MP Front Camera4500 mAh BatteryMediaTek Dimensity 1000 Plus Processor120 Hz sAmoled Display|65W SuperDart ChargingDual Stereo Speakers with Dolby AtmosBrand Warranty of 1 Year Available for Mobile and 6 Months for Accessories,4.2
"SAMSUNG Galaxy F14 5G (GOAT Green, 128 GB)","11,490","4 GB RAM | 128 GB ROM | Expandable Upto 1 TB16.76 cm (6.6 inch) Full HD+ Display50MP + 2MP | 13MP Front Camera6000 mAh BatteryExynos 1330, Octa Core Processor1 Year Manufacturer Warranty for Device and 6 Months Manufacturer Warranty for In-Box Accessories",4.2
"SAMSUNG Galaxy F14 5G (GOAT Green, 128 GB)","12,490","6 GB RAM | 128 GB ROM | Expandable Upto 1 TB16.76 cm (6.6 inch) Full HD+ Display50MP + 2MP | 13MP Front Camera6000 mAh BatteryExynos 1330, Octa Core Processor1 Year Manufacturer Warranty for Device and 6 Months Manufacturer Warranty for In-Box Accessories",4.2
"vivo Y100A (Metal Black, 256 GB)","27,199",8 GB RAM | 256 GB ROM16.21 cm (6.38 inch) Full HD+ Display64MP + 2MP + 2MP | 16MP Front Camera4500 mAh BatterySnapdragon 695 Processor1 Year of Device & 6 Months for Inbox Accessories,4.2
"Xiaomi 11i Hypercharge 5G (Camo Green, 128 GB)","26,999",6 GB RAM | 128 GB ROM | Expandable Upto 1 TB16.94 cm (6.67 inch) Full HD+ AMOLED Display108MP + 8MP + 2MP | 16MP Front Camera4500 mAh Li-Polymer BatteryMediatek Dimensity 920 Processor1 Year Manufacturer Warranty for Phone and 6 Months Warranty for In the Box Accessories,4.2
"POCO X5 5G (Wildcat Blue, 256 GB)","14,999",8 GB RAM | 256 GB ROM | Expandable Upto 1 TB16.94 cm (6.67 inch) Full HD+ Display48MP + 8MP + 2MP | 13MP Front Camera5000 mAh BatteryQualcomm Snapdragon 695 Processor1 Year Manufacturer Warranty for Phone and 6 Months Warranty for In the Box Accessories,4.2
"POCO X5 5G (Jaguar Black, 256 GB)","14,999",8 GB RAM | 256 GB ROM | Expandable Upto 1 TB16.94 cm (6.67 inch) Full HD+ Display48MP + 8MP + 2MP | 13MP Front Camera5000 mAh BatteryQualcomm Snapdragon 695 Processor1 Year Manufacturer Warranty for Phone and 6 Months Warranty for In the Box Accessories,4.2
"SAMSUNG Galaxy M52 5G (Blazing Black, 128 GB)","29,990",6 GB RAM | 128 GB ROM17.02 cm (6.7 inch) Display64MP Rear Camera5000 mAh Battery1 Year Warranty,4.2
"IQOO Z6 Pro 5G (Phantom Dusk, 256 GB)","26,999",12 GB RAM | 256 GB ROM16.36 cm (6.44 inch) Display64MP Rear Camera4700 mAh Battery1 Year,4.3
"Xiaomi 11i Hypercharge 5G (Purple Mist, 128 GB)","28,999",8 GB RAM | 128 GB ROM | Expandable Upto 1 TB16.94 cm (6.67 inch) Full HD+ AMOLED Display108MP + 8MP + 2MP | 16MP Front Camera4500 mAh Li-Polymer BatteryMediatek Dimensity 920 Processor1 Year Manufacturer Warranty for Phone and 6 Months Warranty for In the Box Accessories,4.2
"SAMSUNG Galaxy A52 (Awesome Blue, 128 GB)","28,999",8 GB RAM | 128 GB ROM | Expandable Upto 1 TB16.51 cm (6.5 inch) Full HD+ Display64MP + 12MP + 5MP + 5MP | 32MP Front Camera4500 mAh Lithium-ion BatteryQualcomm Snapdragon 720G Processor1 Year Warranty Provided by the Manufacturer from Date of Purchase,4.3
"POCO F4 5G (Night Black, 128 GB)","29,999",8 GB RAM | 128 GB ROM16.94 cm (6.67 inch) Full HD+ Display64MP + 8MP + 2MP | 20MP Front Camera4500 mAh Lithium-ion Polymer BatteryQualcomm Snapdragon 870 Processor2 Years Brand Warranty,4.3
"Mi 11X (Celestial Silver, 128 GB)","22,999",6 GB RAM | 128 GB ROM16.94 cm (6.67 inch) Full HD+ Display48MP + 8MP + 5MP | 20MP Front Camera4520 mAh BatteryQualcomm Snapdragon 870 Processor1 Year Manufacturer Warranty for Device and 6 Months Manufacturer Warranty for In-box Accessories,4.2
"SAMSUNG Galaxy M34 5G without charger (Midnight Blue, 128 GB)","22,990",8 GB RAM | 128 GB ROM16.51 cm (6.5 inch) Display50MP Rear Camera6000 mAh BatteryDomestic 1 Year of Device & 6 Months for In-Box Accessories,4.3
"SAMSUNG Galaxy A33 (Awesome Black, 128 GB)","22,999",6 GB RAM | 128 GB ROM | Expandable Upto 1 TB16.26 cm (6.4 inch) Full HD+ Display48MP + 8MP + 5MP + 2MP | 13MP Front Camera5000 mAh Li-ion BatteryExynos 1280 Processor1 Year Manufacturer Warranty for Device and 6 Months Manufacturer Warranty for In-Box,4.1
"Redmi Note 11 PRO Plus 5G (PHANTOM WHITE, 256 GB)","28,998",8 GB RAM | 256 GB ROM16.94 cm (6.67 inch) Display108MP Rear Camera5000 mAh Battery12 Months Warranty,4.2
"realme X7 Pro 5G (Fantasy, 128 GB)","29,999",8 GB RAM | 128 GB ROM16.64 cm (6.55 inch) Full HD+ Display64MP + 8MP + 2MP + 2MP | 32MP Front Camera4500 mAh BatteryMediaTek Dimensity 1000 Plus Processor120 Hz sAmoled Display|65W SuperDart ChargingDual Stereo Speakers with Dolby AtmosBrand Warranty of 1 Year Available for Mobile and 6 Months for Accessories,4.2
"vivo V23e 5G (Midnight Blue, 128 GB)","22,306",8 GB RAM | 128 GB ROM | Expandable Upto 1 TB16.36 cm (6.44 inch) Full HD+ AMOLED Display50MP + 8MP + 2MP | 44MP Front Camera4050 mAh Lithium BatteryMediatek Dimensity 810 Processor1 Year Manufacturer Warranty for Phone and 6 Months Warranty for In the Box Accessories,4.2
"OnePlus 10R 5G (Prime Blue, 128 GB)","29,998",8 GB RAM | 128 GB ROM17.02 cm (6.7 inch) Display5000 mAh Battery1 year manufacturer warranty for device and 6 months manufacturer warranty for in-box accessories including batteries from the date of purchase,4.3
"POCO X3 Pro (Graphite Black, 128 GB)","25,999","8 GB RAM | 128 GB ROM | Expandable Upto 1 TB16.94 cm (6.67 inch) Full HD+ Display48MP + 8MP + 2MP + 2MP | 20MP Front Camera5160 mAh Lithium-ion Polymer BatteryQualcomm Snapdragon 860 ProcessorMultiple Hands-free Voice AssistantsOne Year Warranty for Handset, 6 Months for Accessories",4.3
"Mi 11X Pro 5G (Cosmic Black, 128 GB)","28,880",8 GB RAM | 128 GB ROM16.94 cm (6.67 inch) Full HD+ Display108MP + 8MP + 5MP | 20MP Front Camera4520 mAh BatteryQualcomm Snapdragon 888 Processor1 Year Manufacturer Warranty for Device and 6 Months Manufacturer Warranty for In-box Accessories,4
"POCO X5 5G (Supernova Green, 256 GB)","14,999",8 GB RAM | 256 GB ROM | Expandable Upto 1 TB16.94 cm (6.67 inch) Full HD+ Display48MP + 8MP + 2MP | 13MP Front Camera5000 mAh BatteryQualcomm Snapdragon 695 Processor1 Year Manufacturer Warranty for Phone and 6 Months Warranty for In the Box Accessories,4.2
"SAMSUNG Galaxy F14 5G (OMG Black, 128 GB)","12,490","6 GB RAM | 128 GB ROM | Expandable Upto 1 TB16.76 cm (6.6 inch) Full HD+ Display50MP + 2MP | 13MP Front Camera6000 mAh BatteryExynos 1330, Octa Core Processor1 Year Manufacturer Warranty for Device and 6 Months Manufacturer Warranty for In-Box Accessories",4.2
"vivo V17 (Midnight Ocean Black, 128 GB)","27,990",8 GB RAM | 128 GB ROM | Expandable Upto 256 GB16.36 cm (6.44 inch) Full HD+ Display48MP + 8MP + 2MP + 2MP | 32MP Front Camera4500 mAh Li-ion BatteryQualcomm Snapdragon 675AIE ProcessorFHD+ E3 Super Amoled DisplayBrand Warranty of 1 Year Available for Mobile and 6 Months for Accessories,4.5
"vivo Y100 5G (Metal Black, 128 GB)","22,980",8 GB RAM | 128 GB ROM16.21 cm (6.38 inch) Full HD+ AMOLED Display64MP (OIS) + 2MP + 2MP | 16MP Front Camera4500 mAh BatteryMediatek Dimensity 900 Processor1 Year Manufacturer Warranty for Handset and 6 Months Manufacturer Warranty for In-Box Accessories,4.3
"SAMSUNG Galaxy F14 5G (GOAT Green, 128 GB)","11,490","4 GB RAM | 128 GB ROM | Expandable Upto 1 TB16.76 cm (6.6 inch) Full HD+ Display50MP + 2MP | 13MP Front Camera6000 mAh BatteryExynos 1330, Octa Core Processor1 Year Manufacturer Warranty for Device and 6 Months Manufacturer Warranty for In-Box Accessories",4.2
"SAMSUNG Galaxy F14 5G (GOAT Green, 128 GB)","12,490","6 GB RAM | 128 GB ROM | Expandable Upto 1 TB16.76 cm (6.6 inch) Full HD+ Display50MP + 2MP | 13MP Front Camera6000 mAh BatteryExynos 1330, Octa Core Processor1 Year Manufacturer Warranty for Device and 6 Months Manufacturer Warranty for In-Box Accessories",4.2
"SAMSUNG Galaxy M53 5G (Deep Ocean Blue, 128 GB)","27,999",6 GB RAM | 128 GB ROM17.02 cm (6.7 inch) Display108MP Rear Camera5000 mAh Battery12 Months Warranty,3.9
"SAMSUNG Galaxy S20 FE (Cloud White, 128 GB)","28,990",8 GB RAM | 128 GB ROM | Expandable Upto 1 TB16.51 cm (6.5 inch) Full HD+ Display12MP + 12MP + 8MP Rear Camera | 32MP Front Camera4500 mAh Lithium Ion BatteryExynos Octa Core ProcessorSuper AMOLED Display | 120 Hz RateIP68 Rating1 Year Warranty Provided by the Manufacturer from Date of Purchase,4
"Redmi Note 11 PRO Plus 5G (Mirage Blue, 256 GB)","25,499",8 GB RAM | 256 GB ROM16.94 cm (6.67 inch) Display108MP Rear Camera5000 mAh Battery1 Year Manufacturer Warranty for Handset and 6 Months Warranty for In the Box Accessories,4.2
"Xiaomi 11i Hypercharge 5G (Stealth Black, 128 GB)","26,999",6 GB RAM | 128 GB ROM | Expandable Upto 1 TB16.94 cm (6.67 inch) Full HD+ AMOLED Display108MP + 8MP + 2MP | 16MP Front Camera4500 mAh Li-Polymer BatteryMediatek Dimensity 920 Processor1 Year Manufacturer Warranty for Phone and 6 Months Warranty for In the Box Accessories,4.2
"POCO X5 5G (Wildcat Blue, 256 GB)","14,999",8 GB RAM | 256 GB ROM | Expandable Upto 1 TB16.94 cm (6.67 inch) Full HD+ Display48MP + 8MP + 2MP | 13MP Front Camera5000 mAh BatteryQualcomm Snapdragon 695 Processor1 Year Manufacturer Warranty for Phone and 6 Months Warranty for In the Box Accessories,4.2
"POCO X5 5G (Jaguar Black, 256 GB)","14,999",8 GB RAM | 256 GB ROM | Expandable Upto 1 TB16.94 cm (6.67 inch) Full HD+ Display48MP + 8MP + 2MP | 13MP Front Camera5000 mAh BatteryQualcomm Snapdragon 695 Processor1 Year Manufacturer Warranty for Phone and 6 Months Warranty for In the Box Accessories,4.2
"vivo Y100A (Metal Black, 256 GB)","27,199",8 GB RAM | 256 GB ROM16.21 cm (6.38 inch) Full HD+ Display64MP + 2MP + 2MP | 16MP Front Camera4500 mAh BatterySnapdragon 695 Processor1 Year of Device & 6 Months for Inbox Accessories,4.2
"SAMSUNG Galaxy S20 FE 5G (Cloud Navy, 128 GB)","29,990",8 GB RAM | 128 GB ROM16.51 cm (6.5 inch) Display12MP Rear Camera4500 mAh Battery1 Year Warranty,4.2
"realme X50 Pro (Moss Green, 128 GB)","29,999",8 GB RAM | 128 GB ROM16.36 cm (6.44 inch) Full HD+ Display64MP + 12MP + 8MP + 2MP | 32MP + 8MP Dual Front Camera4200 mAh Battery5G PhoneQualcomm Snapdragon 865 Processor65W Superdart ChargeBrand Warranty of 1 Year Available for Mobile and 6 Months for Accessories,4.4
"SAMSUNG Galaxy M52 5G (Icy Blue, 128 GB)","29,990",6 GB RAM | 128 GB ROM17.02 cm (6.7 inch) Display64MP Rear Camera5000 mAh Battery1 Year Warranty,4.2
"APPLE iPhone 5s (Space Grey, 16 GB)","25,000",16 GB ROM10.16 cm (4 inch) Retina Display8MP Rear Camera | 1.2MP Front CameraApple A7 64-bit processor and M7 Motion Co-processor1 Year Manufacturer Warranty,4.4
"SAMSUNG Galaxy F62 (Laser Grey, 128 GB)","25,999",8 GB RAM | 128 GB ROM | Expandable Upto 1 TB17.02 cm (6.7 inch) Full HD+ Display64MP + 12MP + 5MP + 5MP | 32MP Front Camera7000 mAh Lithium-ion BatteryExynos 9825 Processor1 Year Warranty Provided by the Manufacturer from Date of Purchase,4.3
"APPLE iPhone 6 (Gold, 32 GB)","28,130",32 GB ROM11.94 cm (4.7 inch) Retina HD Display8MP Rear Camera | 1.2MP Front CameraA8 Chip with 64-bit Architecture and M8 Motion Co-processorBrand Warranty of 1 Year,4.4
"POCO X3 Pro (Golden Bronze, 128 GB)","25,999","8 GB RAM | 128 GB ROM | Expandable Upto 1 TB16.94 cm (6.67 inch) Full HD+ Display48MP + 8MP + 2MP + 2MP | 20MP Front Camera5160 mAh Lithium-ion Polymer BatteryQualcomm Snapdragon 860 ProcessorMultiple Hands-free Voice AssistantsOne Year Warranty for Handset, 6 Months for Accessories",4.3
"SAMSUNG Galaxy A6 (Gold, 64 GB)","25,500",4 GB RAM | 64 GB ROM14.22 cm (5.6 inch) Display16MP Rear Camera | 16MP Front Camera3000 mAh BatteryBrand Warranty of 1 Year Available for Mobile and 6 Months for Accessories,4.3
"APPLE iPhone 5s (Silver, 16 GB)","25,000",16 GB ROM10.16 cm (4 inch) Retina Display8MP Rear Camera | 1.2MP Front CameraApple A7 64-bit processor and M7 Motion Co-processor1 Year Manufacturer Warranty,4.4
"REDMI Note 12 Pro 5G (Glacier Blue, 256 GB)","22,999",8 GB RAM | 256 GB ROM16.94 cm (6.67 inch) Full HD+ AMOLED Display50MP (OIS) + 8MP + 2MP | 16MP Front Camera5000 mAh Lithium Polymer BatteryMediatek Dimensity 1080 Processor1 Year Manufacturer Warranty for Phone and 6 Months Warranty for In the Box Accessories,4.2
"OnePlus Nord CE 3 Lite 5G (Chromatic Gray, 256 GB)","21,599",8 GB RAM | 256 GB ROM17.07 cm (6.72 inch) Display108MP Rear Camera5000 mAh BatteryDomestic Warranty of 12 months on phone & 6 months on accessories,4.4
"POCO X5 5G (Supernova Green, 256 GB)","14,999",8 GB RAM | 256 GB ROM | Expandable Upto 1 TB16.94 cm (6.67 inch) Full HD+ Display48MP + 8MP + 2MP | 13MP Front Camera5000 mAh BatteryQualcomm Snapdragon 695 Processor1 Year Manufacturer Warranty for Phone and 6 Months Warranty for In the Box Accessories,4.2
"SAMSUNG Galaxy F14 5G (OMG Black, 128 GB)","12,490","6 GB RAM | 128 GB ROM | Expandable Upto 1 TB16.76 cm (6.6 inch) Full HD+ Display50MP + 2MP | 13MP Front Camera6000 mAh BatteryExynos 1330, Octa Core Processor1 Year Manufacturer Warranty for Device and 6 Months Manufacturer Warranty for In-Box Accessories",4.2
"OnePlus Nord CE 3 Lite 5G (Pastel Lime, 256 GB)","21,873",8 GB RAM | 256 GB ROM17.07 cm (6.72 inch) Display108MP Rear Camera5000 mAh BatteryDomestic Warranty of 12 months on phone & 6 months on accessories,4.4
"REDMI Note 12 Pro 5G (Onyx Black, 128 GB)","20,999",6 GB RAM | 128 GB ROM16.94 cm (6.67 inch) Full HD+ AMOLED Display50MP (OIS) + 8MP + 2MP | 16MP Front Camera5000 mAh Lithium Polymer BatteryMediatek Dimensity 1080 Processor1 Year Manufacturer Warranty for Phone and 6 Months Warranty for In the Box Accessories,4.2
"POCO F5 5G (Electric Blue, 256 GB)","23,999",8 GB RAM | 256 GB ROM16.94 cm (6.67 inch) Full HD+ Display64MP (OIS) + 8MP + 2MP | 16MP Front Camera5000 mAh BatteryQualcomm Snapdragon 7+ Gen 2 (4nm) Processor2 Year Manufacturer Warranty for Phone and 6 Months Warranty for In the Box Accessories,4.3
"POCO F5 5G (Carbon Black, 256 GB)","23,999",8 GB RAM | 256 GB ROM16.94 cm (6.67 inch) Full HD+ Display64MP (OIS) + 8MP + 2MP | 16MP Front Camera5000 mAh BatteryQualcomm Snapdragon 7+ Gen 2 (4nm) Processor2 Year Manufacturer Warranty for Phone and 6 Months Warranty for In the Box Accessories,4.3
"SAMSUNG Galaxy F14 5G (GOAT Green, 128 GB)","11,490","4 GB RAM | 128 GB ROM | Expandable Upto 1 TB16.76 cm (6.6 inch) Full HD+ Display50MP + 2MP | 13MP Front Camera6000 mAh BatteryExynos 1330, Octa Core Processor1 Year Manufacturer Warranty for Device and 6 Months Manufacturer Warranty for In-Box Accessories",4.2
"SAMSUNG Galaxy F14 5G (GOAT Green, 128 GB)","12,490","6 GB RAM | 128 GB ROM | Expandable Upto 1 TB16.76 cm (6.6 inch) Full HD+ Display50MP + 2MP | 13MP Front Camera6000 mAh BatteryExynos 1330, Octa Core Processor1 Year Manufacturer Warranty for Device and 6 Months Manufacturer Warranty for In-Box Accessories",4.2
"REDMI Note 12 Pro 5G (Stardust Purple, 128 GB)","20,999",6 GB RAM | 128 GB ROM16.94 cm (6.67 inch) Full HD+ AMOLED Display50MP (OIS) + 8MP + 2MP | 16MP Front Camera5000 mAh Lithium Polymer BatteryMediatek Dimensity 1080 Processor1 Year Manufacturer Warranty for Phone and 6 Months Warranty for In the Box Accessories,4.2
"REDMI Note 12 Pro 5G (Stardust Purple, 256 GB)","22,999",8 GB RAM | 256 GB ROM16.94 cm (6.67 inch) Full HD+ AMOLED Display50MP (OIS) + 8MP + 2MP | 16MP Front Camera5000 mAh Lithium Polymer BatteryMediatek Dimensity 1080 Processor1 Year Manufacturer Warranty for Phone and 6 Months Warranty for In the Box Accessories,4.2
"POCO X5 5G (Wildcat Blue, 256 GB)","14,999",8 GB RAM | 256 GB ROM | Expandable Upto 1 TB16.94 cm (6.67 inch) Full HD+ Display48MP + 8MP + 2MP | 13MP Front Camera5000 mAh BatteryQualcomm Snapdragon 695 Processor1 Year Manufacturer Warranty for Phone and 6 Months Warranty for In the Box Accessories,4.2
"POCO X5 5G (Jaguar Black, 256 GB)","14,999",8 GB RAM | 256 GB ROM | Expandable Upto 1 TB16.94 cm (6.67 inch) Full HD+ Display48MP + 8MP + 2MP | 13MP Front Camera5000 mAh BatteryQualcomm Snapdragon 695 Processor1 Year Manufacturer Warranty for Phone and 6 Months Warranty for In the Box Accessories,4.2
"vivo T2 Pro 5G (Dune Gold, 256 GB)","24,999",8 GB RAM | 256 GB ROM17.22 cm (6.78 inch) Full HD+ Display64MP + 2MP | 16MP Front Camera4600 mAh BatteryDimensity 7200 Processor1 Year Manufacturer Warranty for Phone and 6 Months Warranty for In the Box Accessories,4.5
"SAMSUNG Galaxy F54 5G (Stardust Silver, 256 GB)","24,999",8 GB RAM | 256 GB ROM | Expandable Upto 1 TB17.02 cm (6.7 inch) Full HD+ Display108MP + 8MP + 2MP | 32MP Front Camera6000 mAh BatteryOcta Core Processor1 Year Manufacturer Warranty for Device and 6 Months Manufacturer Warranty for In-Box Accessories,4.2
"OnePlus Nord CE 3 Lite 5G (Pastel lime, 256 GB)","21,959","8 GB RAM | 256 GB ROM17.07 cm (6.72 inch) Display108MP Rear Camera5000 mAh Battery1 Year for  handset ,6 months fro accessories",4.4
"vivo T2 Pro 5G (New Moon Black, 256 GB)","24,999",8 GB RAM | 256 GB ROM17.22 cm (6.78 inch) Full HD+ Display64MP + 2MP | 16MP Front Camera4600 mAh BatteryDimensity 7200 Processor1 Year Manufacturer Warranty for Phone and 6 Months Warranty for In the Box Accessories,4.5
"vivo T2 Pro 5G (New Moon Black, 128 GB)","23,999",8 GB RAM | 128 GB ROM17.22 cm (6.78 inch) Full HD+ Display64MP + 2MP | 16MP Front Camera4600 mAh BatteryDimensity 7200 Processor1 Year Manufacturer Warranty for Phone and 6 Months Warranty for In the Box Accessories,4.5
"vivo T2 Pro 5G (Dune Gold, 128 GB)","23,999",8 GB RAM | 128 GB ROM17.22 cm (6.78 inch) Full HD+ Display64MP + 2MP | 16MP Front Camera4600 mAh BatteryDimensity 7200 Processor1 Year Manufacturer Warranty for Phone and 6 Months Warranty for In the Box Accessories,4.5
"MOTOROLA Edge 40 Neo (Black Beauty, 256 GB)","24,999",12 GB RAM | 256 GB ROM16.64 cm (6.55 inch) Full HD+ Display50MP + 13MP | 32MP Front Camera5000 mAh BatteryDimensity 7030 Processor1 Year on Handset and 6 Months on Accessories,4.3
"realme 11 Pro 5G (Astral Black, 256 GB)","24,999",8 GB RAM | 256 GB ROM17.02 cm (6.7 inch) Full HD+ Display100MP (OIS) + 2MP | 16MP Front Camera5000 mAh BatteryDimensity 7050 Processor1 Year Manufacturer Warranty for Device and 6 Months Manufacturer Warranty for In-Box Accessories,4.4
"realme 11 Pro 5G (Sunrise Beige, 256 GB)","24,999",8 GB RAM | 256 GB ROM17.02 cm (6.7 inch) Full HD+ Display100MP (OIS) + 2MP | 16MP Front Camera5000 mAh BatteryDimensity 7050 Processor1 Year Manufacturer Warranty for Device and 6 Months Manufacturer Warranty for In-Box Accessories,4.4
"realme 11 Pro 5G (Oasis Green, 256 GB)","24,999",8 GB RAM | 256 GB ROM17.02 cm (6.7 inch) Full HD+ Display100MP (OIS) + 2MP | 16MP Front Camera5000 mAh BatteryDimensity 7050 Processor1 Year Manufacturer Warranty for Device and 6 Months Manufacturer Warranty for In-Box Accessories,4.4
"REDMI Note 12 5G (Matte Black, 256 GB)","18,999",8 GB RAM | 256 GB ROM | Expandable Upto 1 TB16.94 cm (6.67 inch) Full HD+ AMOLED Display48MP + 8MP + 2MP | 13MP Front Camera5000 mAh BatteryQualcomm Snapdragon 4 Gen 1 Processor1 Year Manufacturer Warranty for Phone and 6 Months Warranty for In the Box Accessories,4.1
"REDMI 12 5G (Jade Black, 256 GB)","15,799",8 GB RAM | 256 GB ROM17.25 cm (6.79 inch) Display50MP Rear Camera5000 mAh Battery1 Year Manufacturer Warranty,4.2
"MOTOROLA Edge 40 Neo (Black Beauty, 128 GB)","22,999",8 GB RAM | 128 GB ROM16.64 cm (6.55 inch) Full HD+ Display50MP + 13MP | 32MP Front Camera5000 mAh BatteryDimensity 7030 Processor1 Year on Handset and 6 Months on Accessories,4.4
"OnePlus Nord CE 3 Lite 5G (Chromatic Gray, 256 GB)","21,990",8 GB RAM | 256 GB ROM17.07 cm (6.72 inch) Display108MP Rear Camera5000 mAh BatteryDomestic Warranty of 12 months on phone & 6 months on accessories,4.4
"POCO X5 5G (Supernova Green, 256 GB)","14,999",8 GB RAM | 256 GB ROM | Expandable Upto 1 TB16.94 cm (6.67 inch) Full HD+ Display48MP + 8MP + 2MP | 13MP Front Camera5000 mAh BatteryQualcomm Snapdragon 695 Processor1 Year Manufacturer Warranty for Phone and 6 Months Warranty for In the Box Accessories,4.2
"SAMSUNG Galaxy F14 5G (OMG Black, 128 GB)","12,490","6 GB RAM | 128 GB ROM | Expandable Upto 1 TB16.76 cm (6.6 inch) Full HD+ Display50MP + 2MP | 13MP Front Camera6000 mAh BatteryExynos 1330, Octa Core Processor1 Year Manufacturer Warranty for Device and 6 Months Manufacturer Warranty for In-Box Accessories",4.2
"POCO X5 Pro 5G (Yellow, 128 GB)","18,499",6 GB RAM | 128 GB ROM16.94 cm (6.67 inch) Full HD+ Display108MP + 8MP + 2MP | 16MP Front Camera5000 mAh BatteryQualcomm Snapdragon 778G Processor1 Year Manufacturer Warranty for Phone and 6 Months Warranty for in the Box Accessories,4.3
"Infinix GT10 Pro (Mirage Silver, 256 GB)","21,999",8 GB RAM | 256 GB ROM16.94 cm (6.67 inch) Full HD+ Display108MP + 2MP + 2MP | 32MP Front Camera5000 mAh Lithium-ion Polymer BatteryDimesity 8050 Processor1 Year on Device and 6 Months on Accessories,4.2
"SAMSUNG Galaxy F14 5G (GOAT Green, 128 GB)","11,490","4 GB RAM | 128 GB ROM | Expandable Upto 1 TB16.76 cm (6.6 inch) Full HD+ Display50MP + 2MP | 13MP Front Camera6000 mAh BatteryExynos 1330, Octa Core Processor1 Year Manufacturer Warranty for Device and 6 Months Manufacturer Warranty for In-Box Accessories",4.2
"SAMSUNG Galaxy F14 5G (GOAT Green, 128 GB)","12,490","6 GB RAM | 128 GB ROM | Expandable Upto 1 TB16.76 cm (6.6 inch) Full HD+ Display50MP + 2MP | 13MP Front Camera6000 mAh BatteryExynos 1330, Octa Core Processor1 Year Manufacturer Warranty for Device and 6 Months Manufacturer Warranty for In-Box Accessories",4.2
"OnePlus Nord CE 3 Lite 5G (Pastel Lime, 256 GB)","21,953",8 GB RAM | 256 GB ROM17.07 cm (6.72 inch) Display108MP Rear Camera5000 mAh BatteryDomestic Warranty of 12 months on phone & 6 months on accessories,4.4
"Infinix GT10 Pro (Cyber Black, 256 GB)","21,999",8 GB RAM | 256 GB ROM16.94 cm (6.67 inch) Full HD+ Display108MP + 2MP + 2MP | 32MP Front Camera5000 mAh Lithium-ion Polymer BatteryDimesity 8050 Processor1 Year on Device and 6 Months on Accessories,4.2
"OnePlus Nord CE 3 Lite 5G (Chromatic Gray, 256 GB)","23,999","8 GB RAM | 256 GB ROM17.07 cm (6.72 inch) Display108MP Rear Camera5000 mAh Battery1 Year for  handset ,6 months fro accessories",4.4
"SAMSUNG Galaxy M34 5G (Waterfall Blue, 128 GB)","16,695",6 GB RAM | 128 GB ROM16.51 cm (6.5 inch) Display50MP Rear Camera6000 mAh BatteryDomestic 1 Year of Device & 6 Months for In-Box Accessories,4.2
"POCO X5 5G (Wildcat Blue, 256 GB)","14,999",8 GB RAM | 256 GB ROM | Expandable Upto 1 TB16.94 cm (6.67 inch) Full HD+ Display48MP + 8MP + 2MP | 13MP Front Camera5000 mAh BatteryQualcomm Snapdragon 695 Processor1 Year Manufacturer Warranty for Phone and 6 Months Warranty for In the Box Accessories,4.2
"POCO X5 5G (Jaguar Black, 256 GB)","14,999",8 GB RAM | 256 GB ROM | Expandable Upto 1 TB16.94 cm (6.67 inch) Full HD+ Display48MP + 8MP + 2MP | 13MP Front Camera5000 mAh BatteryQualcomm Snapdragon 695 Processor1 Year Manufacturer Warranty for Phone and 6 Months Warranty for In the Box Accessories,4.2
"Infinix Zero 30 5G (Rome Green, 256 GB)","23,999",8 GB RAM | 256 GB ROM17.22 cm (6.78 inch) Full HD+ Display108MP (OIS) + 13MP + 2MP | 50MP Front Camera5000 mAh Lithium-ion Polymer BatteryDimensity 8020 Processor1 Year Warranty on the Handset and 6 Months Warranty on the Accessories,4.3
"Infinix Zero 30 5G (Golden Hour, 256 GB)","23,999",8 GB RAM | 256 GB ROM17.22 cm (6.78 inch) Full HD+ Display108MP (OIS) + 13MP + 2MP | 50MP Front Camera5000 mAh Lithium-ion Polymer BatteryDimensity 8020 Processor1 Year Warranty on the Handset and 6 Months Warranty on the Accessories,4.3
"Infinix Zero 30 5G (Fantasy Purple, 256 GB)","23,999",8 GB RAM | 256 GB ROM17.22 cm (6.78 inch) Full HD+ Display108MP (OIS) + 13MP + 2MP | 50MP Front Camera5000 mAh Lithium-ion Polymer BatteryDimensity 8020 Processor1 Year Warranty on the Handset and 6 Months Warranty on the Accessories,4.3
"Infinix Zero 30 5G (Rome Green, 256 GB)","24,999",12 GB RAM | 256 GB ROM17.22 cm (6.78 inch) Full HD+ Display108MP (OIS) + 13MP + 2MP | 50MP Front Camera5000 mAh Lithium-ion Polymer BatteryDimensity 8020 Processor1 Year Warranty on the Handset and 6 Months Warranty on the Accessories,4.2
"SAMSUNG Galaxy M34 5G without charger (Midnight Blue, 128 GB)","16,885",6 GB RAM | 128 GB ROM16.51 cm (6.5 inch) Display50MP Rear Camera6000 mAh BatteryDomestic 1 Year of Device & 6 Months for In-Box Accessories,4.2
"OPPO A78 5G (Glowing Black, 128 GB)","18,999",8 GB RAM | 128 GB ROM16.66 cm (6.56 inch) HD+ Display50MP + 2MP | 8MP Front Camera5000 mAh Battery6833 Processor1 Year Manufacturer Warranty for Phone and 6 Months Warranty for In the Box Accessories,4.3
"SAMSUNG Galaxy A23 5G (Light Blue, 128 GB)","20,999",6 GB RAM | 128 GB ROM | Expandable Upto 1 TB16.76 cm (6.6 inch) Full HD+ Display50MP + 5MP | 8MP Front Camera5000 mAh Lithium Ion BatteryQualcomm Snapdragon 695 (SM6375) Processor1 Year Manufacturer Warranty for Device and 6 Months Manufacturer Warranty for In-Box Accessories,4.1
"OPPO F23 5G (Cool Black, 256 GB)","22,999",8 GB RAM | 256 GB ROM | Expandable Upto 1 TB17.07 cm (6.72 inch) Full HD+ Display64MP + 2MP + 2MP | 32MP Front Camera5000 mAh BatterySnapdragon 695 Processor12 Months on Handset and 6 Months on Adapter & Cable,4.2
"POCO X5 5G (Supernova Green, 256 GB)","14,999",8 GB RAM | 256 GB ROM | Expandable Upto 1 TB16.94 cm (6.67 inch) Full HD+ Display48MP + 8MP + 2MP | 13MP Front Camera5000 mAh BatteryQualcomm Snapdragon 695 Processor1 Year Manufacturer Warranty for Phone and 6 Months Warranty for In the Box Accessories,4.2
"SAMSUNG Galaxy F14 5G (OMG Black, 128 GB)","12,490","6 GB RAM | 128 GB ROM | Expandable Upto 1 TB16.76 cm (6.6 inch) Full HD+ Display50MP + 2MP | 13MP Front Camera6000 mAh BatteryExynos 1330, Octa Core Processor1 Year Manufacturer Warranty for Device and 6 Months Manufacturer Warranty for In-Box Accessories",4.2
"OPPO F21s Pro 5G (Starlight Black, 128 GB)","31,999",8 GB RAM | 128 GB ROM | Expandable Upto 1 TB16.33 cm (6.43 inch) Full HD+ E3 Super AMOLED Display64MP + 2MP + 2MP | 16MP + 2MP Dual Front Camera4500 mAh BatteryQualcomm SM6225 Snapdragon 680 4G (6 nm) Processor12 months,4.2
"SAMSUNG Galaxy A23 (Black, 128 GB)","18,499",6 GB RAM | 128 GB ROM | Expandable Upto 1 TB16.76 cm (6.6 inch) Full HD+ Display50MP Rear Camera | 8MP Front Camera5000 mAh Li-Ion BatteryOcta-core(EXYNOS) Processor1 year manufacturer warranty for device and 6 months manufacturer warranty for in-box,4.2
"SAMSUNG Galaxy F14 5G (GOAT Green, 128 GB)","11,490","4 GB RAM | 128 GB ROM | Expandable Upto 1 TB16.76 cm (6.6 inch) Full HD+ Display50MP + 2MP | 13MP Front Camera6000 mAh BatteryExynos 1330, Octa Core Processor1 Year Manufacturer Warranty for Device and 6 Months Manufacturer Warranty for In-Box Accessories",4.2
"SAMSUNG Galaxy F14 5G (GOAT Green, 128 GB)","12,490","6 GB RAM | 128 GB ROM | Expandable Upto 1 TB16.76 cm (6.6 inch) Full HD+ Display50MP + 2MP | 13MP Front Camera6000 mAh BatteryExynos 1330, Octa Core Processor1 Year Manufacturer Warranty for Device and 6 Months Manufacturer Warranty for In-Box Accessories",4.2
"MOTOROLA Edge 30 (Aurora Green, 128 GB)","23,999",8 GB RAM | 128 GB ROM16.64 cm (6.55 inch) Full HD+ Display50MP + 50MP + 2MP | 32MP Front Camera4020 mAh Lithium BatteryQualcomm Snapdragon 778G Plus Processor1 Year on Handset and 6 Months on Accessories,4.1
"vivo Y35 (Dawn Gold, 128 GB)","16,970",8 GB RAM | 128 GB ROM16.71 cm (6.58 inch) Full HD+ Display50MP + 2MP + 2MP | 16MP Front Camera5000 mAh Lithium BatteryQualcomm Snapdragon 680 Processor1 Year of Device & 6 Months for In-Box Accessories,4.4
"realme Narzo 60 5g (Cosmic Black, 256 GB)","20,869",8 GB RAM | 256 GB ROM16.33 cm (6.43 inch) Display64MP Rear Camera5000 mAh BatteryDomestic 1 Year of Device & 6 Months for In-Box Accessories,4.3
"SAMSUNG Galaxy F23 5G (Forest Green, 128 GB)","16,999",6 GB RAM | 128 GB ROM | Expandable Upto 1 TB16.76 cm (6.6 inch) Full HD+ Display50MP + 8MP + 2MP | 8MP Front Camera5000 mAh Lithium Ion BatteryQualcomm Snapdragon 750G Processor1 Year Warranty Provided by the Manufacturer from Date of Purchase,4.3
"POCO X5 5G (Wildcat Blue, 256 GB)","14,999",8 GB RAM | 256 GB ROM | Expandable Upto 1 TB16.94 cm (6.67 inch) Full HD+ Display48MP + 8MP + 2MP | 13MP Front Camera5000 mAh BatteryQualcomm Snapdragon 695 Processor1 Year Manufacturer Warranty for Phone and 6 Months Warranty for In the Box Accessories,4.2
"POCO X5 5G (Jaguar Black, 256 GB)","14,999",8 GB RAM | 256 GB ROM | Expandable Upto 1 TB16.94 cm (6.67 inch) Full HD+ Display48MP + 8MP + 2MP | 13MP Front Camera5000 mAh BatteryQualcomm Snapdragon 695 Processor1 Year Manufacturer Warranty for Phone and 6 Months Warranty for In the Box Accessories,4.2
"realme Narzo 60 pro 5G (?Cosmic Black, 128 GB)","21,952",8 GB RAM | 128 GB ROM17.02 cm (6.7 inch) Display100MP Rear Camera5000 mAh BatteryDomestic 1 Year of Device & 6 Months for In-Box Accessories,4.3
"SAMSUNG Galaxy M34 5G (Waterfall Blue, 128 GB)","22,990",8 GB RAM | 128 GB ROM16.51 cm (6.5 inch) Display50MP Rear Camera6000 mAh BatteryDomestic 1 Year of Device & 6 Months for In-Box Accessories,4.1
"vivo V25 5G (Gold, 128 GB)","24,999",8 GB RAM | 128 GB ROM16.36 cm (6.44 inch) Full HD+ Display64MP + 8MP + 2MP | 50MP Front Camera4500 mAh Lithium BatteryDimensity 900 Processor1 Year of Device & 6 Months for In-Box Accessories,4.3
"SAMSUNG Galaxy A23 5G (Orange, 128 GB)","22,999",8 GB RAM | 128 GB ROM | Expandable Upto 1 TB16.76 cm (6.6 inch) Full HD+ Display50MP + 5MP | 8MP Front Camera5000 mAh Lithium Ion BatteryQualcomm Snapdragon 695 (SM6375) Processor1 Year Manufacturer Warranty for Device and 6 Months Manufacturer Warranty for In-Box Accessories,4
"vivo Y35 (Agate Black, 128 GB)","15,557",8 GB RAM | 128 GB ROM16.71 cm (6.58 inch) Full HD+ Display50MP + 2MP + 2MP | 16MP Front Camera5000 mAh Lithium BatteryQualcomm Snapdragon 680 Processor1 Year of Device & 6 Months for In-Box Accessories,4.4
"realme X3 SuperZoom (Arctic White, 128 GB)","29,999",8 GB RAM | 128 GB ROM16.69 cm (6.57 inch) Full HD+ Display64MP + 8MP + 8MP + 2MP | 32MP + 8MP Dual Front Camera4200 mAh BatteryQualcomm Snapdragon 855+ Processor120 Hz Smooth DisplayUIS and UIS Max Ultra Image StabilizationLiquid Cooling SystemBrand Warranty of 1 Year Available for Mobile and 6 Months for Accessories,4.3
"OnePlus Nord 2T 5G (Jade Fog, 128 GB)","28,990",8 GB RAM | 128 GB ROM17.02 cm (6.7 inch) Display50MP Rear Camera | 32MP Front Camera4500 mAh Battery12 Month,4.3
"realme GT Master Edition (Voyager Grey, 256 GB)","25,999",8 GB RAM | 256 GB ROM16.33 cm (6.43 inch) Full HD+ Display64MP + 8MP + 2MP | 32MP Front Camera4300 mAh BatteryQualcomm Snapdragon 778G Processor1 Year Warranty for Mobile and 6 Months for Accessories,4.4
"OnePlus Nord 2T 5G (Gray Shadow, 128 GB)","28,999",8 GB RAM | 128 GB ROM17.02 cm (6.7 inch) Display50MP Rear Camera4500 mAh Battery12 Month,4.3
"SAMSUNG Galaxy M53 5G (Mystique Green, 128 GB)","28,399",6 GB RAM | 128 GB ROM17.02 cm (6.7 inch) Display108MP Rear Camera5000 mAh Battery12 Months Warranty,3.9
"OnePlus Nord 2T 5G (Gray Shadow, 128 GB)","28,989",8 GB RAM | 128 GB ROM17.02 cm (6.7 inch) Display50MP Rear Camera | 32MP Front Camera4500 mAh Battery12 Month,4.3
"OnePlus Nord (Gray Onyx, 256 GB)","29,999",12 GB RAM | 256 GB ROM16.36 cm (6.44 inch) Full HD+ Display48MP + 8MP | 32MP + 8MP Dual Front Camera4115 mAh BatteryQualcomm�� Snapdragon��� 765G Proce,3.9
"POCO X5 5G (Supernova Green, 256 GB)","14,999",8 GB RAM | 256 GB ROM | Expandable Upto 1 TB16.94 cm (6.67 inch) Full HD+ Display48MP + 8MP + 2MP | 13MP Front Camera5000 mAh BatteryQualcomm Snapdragon 695 Processor1 Year Manufacturer Warranty for Phone and 6 Months Warranty for In the Box Accessories,4.2
"SAMSUNG Galaxy F14 5G (OMG Black, 128 GB)","12,490","6 GB RAM | 128 GB ROM | Expandable Upto 1 TB16.76 cm (6.6 inch) Full HD+ Display50MP + 2MP | 13MP Front Camera6000 mAh BatteryExynos 1330, Octa Core Processor1 Year Manufacturer Warranty for Device and 6 Months Manufacturer Warranty for In-Box Accessories",4.2
"SAMSUNG Galaxy F42 5G (Matte Aqua, 128 GB)","15,999",6 GB RAM | 128 GB ROM | Expandable Upto 1 TB16.76 cm (6.6 inch) Full HD+ Display64MP + 5MP + 2MP | 8MP Front Camera5000 mAh Lithium-ion BatteryMediaTek Dimensity 700 Processor1 Year Warranty Provided by the Manufacturer from Date of Purchase,4.1
"REDMI Note 10 Pro Max (Vintage Bronze, 128 GB)","20,990",6 GB RAM | 128 GB ROM | Expandable Upto 512 GB16.94 cm (6.67 inch) Full HD+ Display108MP Rear Camera | 16MP Front Camera5020 mAh BatteryQualcomm Snapdragon 732G Processor1 Year Manufacturer Warranty for Phone and 6 Months Warranty for In the Box Accessories,4.3
"REDMI Note 12 Pro 5G (Onyx Black, 128 GB)","23,499",8 GB RAM | 128 GB ROM16.94 cm (6.67 inch) Full HD+ AMOLED Display50MP (OIS) + 8MP + 2MP | 16MP Front Camera5000 mAh Lithium Polymer BatteryMediatek Dimensity 1080 Processor1 Year Manufacturer Warranty for Phone and 6 Months Warranty for In the Box Accessories,4.2
"SAMSUNG Galaxy A23 5G (Silver, 128 GB)","20,999",6 GB RAM | 128 GB ROM | Expandable Upto 1 TB16.76 cm (6.6 inch) Full HD+ Display50MP + 5MP | 8MP Front Camera5000 mAh Lithium Ion BatteryQualcomm Snapdragon 695 (SM6375) Processor1 Year Manufacturer Warranty for Device and 6 Months Manufacturer Warranty for In-Box Accessories,4.1
"SAMSUNG Galaxy F14 5G (GOAT Green, 128 GB)","11,490","4 GB RAM | 128 GB ROM | Expandable Upto 1 TB16.76 cm (6.6 inch) Full HD+ Display50MP + 2MP | 13MP Front Camera6000 mAh BatteryExynos 1330, Octa Core Processor1 Year Manufacturer Warranty for Device and 6 Months Manufacturer Warranty for In-Box Accessories",4.2
"SAMSUNG Galaxy F14 5G (GOAT Green, 128 GB)","12,490","6 GB RAM | 128 GB ROM | Expandable Upto 1 TB16.76 cm (6.6 inch) Full HD+ Display50MP + 2MP | 13MP Front Camera6000 mAh BatteryExynos 1330, Octa Core Processor1 Year Manufacturer Warranty for Device and 6 Months Manufacturer Warranty for In-Box Accessories",4.2
"SAMSUNG Galaxy A23 5G (Silver, 128 GB)","22,999",8 GB RAM | 128 GB ROM | Expandable Upto 1 TB16.76 cm (6.6 inch) Full HD+ Display50MP + 5MP | 8MP Front Camera5000 mAh Lithium Ion BatteryQualcomm Snapdragon 695 (SM6375) Processor1 Year Manufacturer Warranty for Device and 6 Months Manufacturer Warranty for In-Box Accessories,4
"REDMI Note 12 Pro 5G (Stardust Purple, 128 GB)","23,499",8 GB RAM | 128 GB ROM16.94 cm (6.67 inch) Full HD+ AMOLED Display50MP (OIS) + 8MP + 2MP | 16MP Front Camera5000 mAh Lithium Polymer BatteryMediatek Dimensity 1080 Processor1 Year Manufacturer Warranty for Phone and 6 Months Warranty for In the Box Accessories,4.2
"POCO X5 5G (Wildcat Blue, 256 GB)","14,999",8 GB RAM | 256 GB ROM | Expandable Upto 1 TB16.94 cm (6.67 inch) Full HD+ Display48MP + 8MP + 2MP | 13MP Front Camera5000 mAh BatteryQualcomm Snapdragon 695 Processor1 Year Manufacturer Warranty for Phone and 6 Months Warranty for In the Box Accessories,4.2
"POCO X5 5G (Jaguar Black, 256 GB)","14,999",8 GB RAM | 256 GB ROM | Expandable Upto 1 TB16.94 cm (6.67 inch) Full HD+ Display48MP + 8MP + 2MP | 13MP Front Camera5000 mAh BatteryQualcomm Snapdragon 695 Processor1 Year Manufacturer Warranty for Phone and 6 Months Warranty for In the Box Accessories,4.2
"Tecno Camon 20 Pro 5G Color Changing Process with FHD Display (Mr Doodle Edition, 256 GB)","21,999",8 GB RAM | 256 GB ROM16.94 cm (6.67 inch) Full HD+ Display64MP Rear Camera5000 mAh BatteryMediatek Dimensity 8050 Processor1 Year Warranty,3.7
"Tecno Camon 20 Pro (Serenity Blue, 256 GB)","21,999",8 GB RAM | 256 GB ROM | Expandable Upto 1 TB16.94 cm (6.67 inch) Full HD+ Display64MP + 2MP + 2MP | 32MP Front Camera5000 mAh BatteryMediatek Dimensity 8050 Processor1 Year Manufacturer Warranty for Device and 6 Months Manufacturer Warranty for In-Box Accessories,4.2
"Mi 10i (Midnight Black, 128 GB)","21,999",8 GB RAM | 128 GB ROM16.94 cm (6.67 inch) Full HD+ Display108MP + 8MP + 2MP + 2MP | 16MP Front Camera4820 mAh BatteryQualcomm�� Snapdragon��� 750G Processor1 year manufacturer warranty for device and 6 months manufacturer warranty for in-box accessories including batteries from the date o,4.3
"SAMSUNG Galaxy A23 5G (Orange, 128 GB)","20,999",6 GB RAM | 128 GB ROM | Expandable Upto 1 TB16.76 cm (6.6 inch) Full HD+ Display50MP + 5MP | 8MP Front Camera5000 mAh Lithium Ion BatteryQualcomm Snapdragon 695 (SM6375) Processor1 Year Manufacturer Warranty for Device and 6 Months Manufacturer Warranty for In-Box Accessories,4.1
"POCO X5 5G (Jaguar Black, 128 GB)","13,999",6 GB RAM | 128 GB ROM | Expandable Upto 1 TB16.94 cm (6.67 inch) Full HD+ Display48MP + 8MP + 2MP | 13MP Front Camera5000 mAh BatteryQualcomm Snapdragon 695 Processor1 Year Manufacturer Warranty for Phone and 6 Months Warranty for In the Box Accessories,4.2
"SAMSUNG Galaxy F14 5G (B.A.E. Purple, 128 GB)","12,490","6 GB RAM | 128 GB ROM | Expandable Upto 1 TB16.76 cm (6.6 inch) Full HD+ Display50MP + 2MP | 13MP Front Camera6000 mAh BatteryExynos 1330, Octa Core Processor1 Year Manufacturer Warranty for Device and 6 Months Manufacturer Warranty for In-Box Accessories",4.2
"REDMI Note 11 Pro (Phantom White, 128 GB)","17,899",8 GB RAM | 128 GB ROM16.94 cm (6.67 inch) Display108MP Rear Camera5000 mAh Battery12 Months Warranty,4.1
"Mi 11X (Cosmic Black, 128 GB)","24,999",8 GB RAM | 128 GB ROM16.94 cm (6.67 inch) Display48MP Rear Camera4520 mAh Battery1 Year Manufacturer Warranty for Handset and 6 Months Warranty for In the Box Accessories,4.1
"SAMSUNG Galaxy F14 5G (B.A.E. Purple, 128 GB)","11,490","4 GB RAM | 128 GB ROM | Expandable Upto 1 TB16.76 cm (6.6 inch) Full HD+ Display50MP + 2MP | 13MP Front Camera6000 mAh BatteryExynos 1330, Octa Core Processor1 Year Manufacturer Warranty for Device and 6 Months Manufacturer Warranty for In-Box Accessories",4.2
"SAMSUNG Galaxy F14 5G (OMG Black, 128 GB)","11,490","4 GB RAM | 128 GB ROM | Expandable Upto 1 TB16.76 cm (6.6 inch) Full HD+ Display50MP + 2MP | 13MP Front Camera6000 mAh BatteryExynos 1330, Octa Core Processor1 Year Manufacturer Warranty for Device and 6 Months Manufacturer Warranty for In-Box Accessories",4.2
"Mi 11X (Lunar White, 128 GB)","23,499",8 GB RAM | 128 GB ROM16.94 cm (6.67 inch) Full HD+ Display48MP + 8MP + 5MP | 20MP Front Camera4520 mAh BatteryQualcomm Snapdragon 870 Processor1 Year Manufacturer Warranty for Device and 6 Months Manufacturer Warranty for In-box Accessories,4.1
"Xiaomi 11Lite NE (Diamond Dazzle, 128 GB)","23,499",8 GB RAM | 128 GB ROM | Expandable Upto 1 TB16.64 cm (6.55 inch) Full HD+ Display64MP + 8MP + 5MP | 20MP Front Camera4250 mAh BatteryQualcomm Snapdragon 778G ProcessorBrand Warranty of 1 Year Available for Mobile and 6 Months for Accessories,4.2
